change_point_type,event_hourly_time,impressions
period,2018-01-22 00:00:00,17513
period,2018-01-22 01:00:00,11844
period,2018-01-22 02:00:00,9305
period,2018-01-22 03:00:00,9673
period,2018-01-22 04:00:00,12006
period,2018-01-22 05:00:00,17809
period,2018-01-22 06:00:00,25477
period,2018-01-22 07:00:00,48445
period,2018-01-22 08:00:00,60852
period,2018-01-22 09:00:00,66386
period,2018-01-22 10:00:00,69014
period,2018-01-22 11:00:00,69298
period,2018-01-22 12:00:00,70475
period,2018-01-22 13:00:00,70829
period,2018-01-22 14:00:00,74009
period,2018-01-22 15:00:00,71559
period,2018-01-22 16:00:00,72422
period,2018-01-22 17:00:00,73983
period,2018-01-22 18:00:00,78902
period,2018-01-22 19:00:00,78918
period,2018-01-22 20:00:00,75400
period,2018-01-22 21:00:00,63723
period,2018-01-22 22:00:00,48236
period,2018-01-22 23:00:00,28279
period,2018-01-23 00:00:00,16540
period,2018-01-23 01:00:00,10958
period,2018-01-23 02:00:00,9168
period,2018-01-23 03:00:00,9952
period,2018-01-23 04:00:00,12011
period,2018-01-23 05:00:00,17517
period,2018-01-23 06:00:00,24885
period,2018-01-23 07:00:00,48926
period,2018-01-23 08:00:00,63060
period,2018-01-23 09:00:00,68640
period,2018-01-23 10:00:00,71070
period,2018-01-23 11:00:00,69906
period,2018-01-23 12:00:00,68797
period,2018-01-23 13:00:00,70851
period,2018-01-23 14:00:00,71720
period,2018-01-23 15:00:00,72114
period,2018-01-23 16:00:00,72442
period,2018-01-23 17:00:00,74422
period,2018-01-23 18:00:00,77208
period,2018-01-23 19:00:00,78087
period,2018-01-23 20:00:00,76152
period,2018-01-23 21:00:00,65383
period,2018-01-23 22:00:00,47820
period,2018-01-23 23:00:00,27692
period,2018-01-24 00:00:00,16140
period,2018-01-24 01:00:00,11360
period,2018-01-24 02:00:00,9940
period,2018-01-24 03:00:00,10767
period,2018-01-24 04:00:00,12174
period,2018-01-24 05:00:00,17383
period,2018-01-24 06:00:00,26017
period,2018-01-24 07:00:00,51486
period,2018-01-24 08:00:00,65547
period,2018-01-24 09:00:00,72229
period,2018-01-24 10:00:00,75072
period,2018-01-24 11:00:00,73369
period,2018-01-24 12:00:00,72222
period,2018-01-24 13:00:00,72448
period,2018-01-24 14:00:00,72180
period,2018-01-24 15:00:00,72426
period,2018-01-24 16:00:00,73622
period,2018-01-24 17:00:00,74126
period,2018-01-24 18:00:00,71041
period,2018-01-24 19:00:00,83265
period,2018-01-24 20:00:00,74525
period,2018-01-24 21:00:00,63083
period,2018-01-24 22:00:00,46326
period,2018-01-24 23:00:00,26899
period,2018-01-25 00:00:00,16397
period,2018-01-25 01:00:00,10658
period,2018-01-25 02:00:00,9298
period,2018-01-25 03:00:00,9922
period,2018-01-25 04:00:00,12350
period,2018-01-25 05:00:00,17893
period,2018-01-25 06:00:00,25457
period,2018-01-25 07:00:00,51692
period,2018-01-25 08:00:00,66281
period,2018-01-25 09:00:00,72655
period,2018-01-25 10:00:00,73829
period,2018-01-25 11:00:00,72594
period,2018-01-25 12:00:00,71031
period,2018-01-25 13:00:00,71362
period,2018-01-25 14:00:00,72133
period,2018-01-25 15:00:00,73323
period,2018-01-25 16:00:00,72973
period,2018-01-25 17:00:00,75052
period,2018-01-25 18:00:00,81704
period,2018-01-25 19:00:00,81562
period,2018-01-25 20:00:00,78192
period,2018-01-25 21:00:00,66451
period,2018-01-25 22:00:00,48055
period,2018-01-25 23:00:00,28055
period,2018-01-26 00:00:00,17012
period,2018-01-26 01:00:00,11243
period,2018-01-26 02:00:00,9159
period,2018-01-26 03:00:00,10346
period,2018-01-26 04:00:00,12029
period,2018-01-26 05:00:00,17990
period,2018-01-26 06:00:00,25614
period,2018-01-26 07:00:00,51132
period,2018-01-26 08:00:00,65547
period,2018-01-26 09:00:00,72273
period,2018-01-26 10:00:00,74356
period,2018-01-26 11:00:00,73863
period,2018-01-26 12:00:00,71851
period,2018-01-26 13:00:00,72972
period,2018-01-26 14:00:00,75829
period,2018-01-26 15:00:00,75900
period,2018-01-26 16:00:00,74820
period,2018-01-26 17:00:00,78418
period,2018-01-26 18:00:00,80099
period,2018-01-26 19:00:00,80141
period,2018-01-26 20:00:00,77481
period,2018-01-26 21:00:00,64855
period,2018-01-26 22:00:00,56435
period,2018-01-26 23:00:00,33226
period,2018-01-27 00:00:00,19657
period,2018-01-27 01:00:00,12383
period,2018-01-27 02:00:00,10614
period,2018-01-27 03:00:00,10758
period,2018-01-27 04:00:00,12139
period,2018-01-27 05:00:00,17509
period,2018-01-27 06:00:00,24513
period,2018-01-27 07:00:00,46731
period,2018-01-27 08:00:00,71500
period,2018-01-27 09:00:00,91257
period,2018-01-27 10:00:00,98688
period,2018-01-27 11:00:00,97130
period,2018-01-27 12:00:00,91756
period,2018-01-27 13:00:00,86557
period,2018-01-27 14:00:00,79942
period,2018-01-27 15:00:00,76266
period,2018-01-27 16:00:00,75517
period,2018-01-27 17:00:00,76163
period,2018-01-27 18:00:00,75914
period,2018-01-27 19:00:00,71810
period,2018-01-27 20:00:00,68174
period,2018-01-27 21:00:00,66298
period,2018-01-27 22:00:00,62851
period,2018-01-27 23:00:00,35190
period,2018-01-28 00:00:00,22304
period,2018-01-28 01:00:00,14400
period,2018-01-28 02:00:00,10643
period,2018-01-28 03:00:00,11122
period,2018-01-28 04:00:00,12251
period,2018-01-28 05:00:00,16536
period,2018-01-28 06:00:00,22153
period,2018-01-28 07:00:00,41160
period,2018-01-28 08:00:00,66714
period,2018-01-28 09:00:00,89341
period,2018-01-28 10:00:00,103437
period,2018-01-28 11:00:00,100736
period,2018-01-28 12:00:00,95210
period,2018-01-28 13:00:00,90497
period,2018-01-28 14:00:00,85420
period,2018-01-28 15:00:00,82332
period,2018-01-28 16:00:00,79572
period,2018-01-28 17:00:00,78546
period,2018-01-28 18:00:00,77250
period,2018-01-28 19:00:00,75733
period,2018-01-28 20:00:00,69432
period,2018-01-28 21:00:00,59445
period,2018-01-28 22:00:00,45180
period,2018-01-28 23:00:00,28095
mean,2017-12-28 00:00:00,21491
mean,2017-12-28 01:00:00,21822
mean,2017-12-28 02:00:00,23855
mean,2017-12-28 03:00:00,25502
mean,2017-12-28 04:00:00,28226
mean,2017-12-28 05:00:00,27313
mean,2017-12-28 06:00:00,23529
mean,2017-12-28 07:00:00,15989
mean,2017-12-28 08:00:00,9394
mean,2017-12-28 09:00:00,5156
mean,2017-12-28 10:00:00,3207
mean,2017-12-28 11:00:00,2137
mean,2017-12-28 12:00:00,2309
mean,2017-12-28 13:00:00,3712
mean,2017-12-28 14:00:00,6320
mean,2017-12-28 15:00:00,11129
mean,2017-12-28 16:00:00,16684
mean,2017-12-28 17:00:00,21041
mean,2017-12-28 18:00:00,23545
mean,2017-12-28 19:00:00,24319
mean,2017-12-28 20:00:00,24716
mean,2017-12-28 21:00:00,24206
mean,2017-12-28 22:00:00,23755
mean,2017-12-28 23:00:00,22238
mean,2017-12-29 00:00:00,21462
mean,2017-12-29 01:00:00,22738
mean,2017-12-29 02:00:00,24417
mean,2017-12-29 03:00:00,25953
mean,2017-12-29 04:00:00,26157
mean,2017-12-29 05:00:00,25304
mean,2017-12-29 06:00:00,21686
mean,2017-12-29 07:00:00,15421
mean,2017-12-29 08:00:00,8961
mean,2017-12-29 09:00:00,5230
mean,2017-12-29 10:00:00,2818
mean,2017-12-29 11:00:00,2224
mean,2017-12-29 12:00:00,2692
mean,2017-12-29 13:00:00,4331
mean,2017-12-29 14:00:00,6695
mean,2017-12-29 15:00:00,10209
mean,2017-12-29 16:00:00,15770
mean,2017-12-29 17:00:00,20007
mean,2017-12-29 18:00:00,23468
mean,2017-12-29 19:00:00,24691
mean,2017-12-29 20:00:00,26729
mean,2017-12-29 21:00:00,26397
mean,2017-12-29 22:00:00,25177
mean,2017-12-29 23:00:00,25514
mean,2017-12-30 00:00:00,25584
mean,2017-12-30 01:00:00,26908
mean,2017-12-30 02:00:00,24921
mean,2017-12-30 03:00:00,27913
mean,2017-12-30 04:00:00,29555
mean,2017-12-30 05:00:00,28803
mean,2017-12-30 06:00:00,25482
mean,2017-12-30 07:00:00,17744
mean,2017-12-30 08:00:00,12460
mean,2017-12-30 09:00:00,6882
mean,2017-12-30 10:00:00,3873
mean,2017-12-30 11:00:00,3505
mean,2017-12-30 12:00:00,2946
mean,2017-12-30 13:00:00,3735
mean,2017-12-30 14:00:00,6167
mean,2017-12-30 15:00:00,9789
mean,2017-12-30 16:00:00,14752
mean,2017-12-30 17:00:00,18874
mean,2017-12-30 18:00:00,20903
mean,2017-12-30 19:00:00,23647
mean,2017-12-30 20:00:00,23524
mean,2017-12-30 21:00:00,22684
mean,2017-12-30 22:00:00,22990
mean,2017-12-30 23:00:00,23143
mean,2017-12-31 00:00:00,22340
mean,2017-12-31 01:00:00,21735
mean,2017-12-31 02:00:00,21386
mean,2017-12-31 03:00:00,22952
mean,2017-12-31 04:00:00,23914
mean,2017-12-31 05:00:00,23397
mean,2017-12-31 06:00:00,21163
mean,2017-12-31 07:00:00,16436
mean,2017-12-31 08:00:00,10278
mean,2017-12-31 09:00:00,6066
mean,2017-12-31 10:00:00,3842
mean,2017-12-31 11:00:00,2491
mean,2017-12-31 12:00:00,2326
mean,2017-12-31 13:00:00,2594
mean,2017-12-31 14:00:00,4622
mean,2017-12-31 15:00:00,8464
mean,2017-12-31 16:00:00,13211
mean,2017-12-31 17:00:00,17952
mean,2017-12-31 18:00:00,20193
mean,2017-12-31 19:00:00,23612
mean,2017-12-31 20:00:00,24124
mean,2017-12-31 21:00:00,22844
mean,2017-12-31 22:00:00,22288
mean,2017-12-31 23:00:00,23795
mean,2018-01-01 00:00:00,22868
mean,2018-01-01 01:00:00,22577
mean,2018-01-01 02:00:00,22310
mean,2018-01-01 03:00:00,22947
mean,2018-01-01 04:00:00,23348
mean,2018-01-01 05:00:00,23708
mean,2018-01-01 06:00:00,23644
mean,2018-01-01 07:00:00,23277
mean,2018-01-01 08:00:00,21810
mean,2018-01-01 09:00:00,13227
mean,2018-01-01 10:00:00,8190
mean,2018-01-01 11:00:00,7201
mean,2018-01-01 12:00:00,4215
mean,2018-01-01 13:00:00,2830
mean,2018-01-01 14:00:00,2627
mean,2018-01-01 15:00:00,3053
mean,2018-01-01 16:00:00,4695
mean,2018-01-01 17:00:00,6342
mean,2018-01-01 18:00:00,8171
mean,2018-01-01 19:00:00,9366
mean,2018-01-01 20:00:00,9223
mean,2018-01-01 21:00:00,9148
mean,2018-01-01 22:00:00,8940
mean,2018-01-01 23:00:00,8183
mean,2018-01-02 00:00:00,10911
mean,2018-01-02 01:00:00,8921
mean,2018-01-02 02:00:00,8960
mean,2018-01-02 03:00:00,9552
mean,2018-01-02 04:00:00,10056
mean,2018-01-02 05:00:00,9451
mean,2018-01-02 06:00:00,8076
mean,2018-01-02 07:00:00,5271
mean,2018-01-02 08:00:00,3081
mean,2018-01-02 09:00:00,1685
mean,2018-01-02 10:00:00,1069
mean,2018-01-02 11:00:00,1185
mean,2018-01-02 12:00:00,1426
mean,2018-01-02 13:00:00,1507
mean,2018-01-02 14:00:00,2017
mean,2018-01-02 15:00:00,3650
mean,2018-01-02 16:00:00,5724
mean,2018-01-02 17:00:00,7397
mean,2018-01-02 18:00:00,9338
mean,2018-01-02 19:00:00,9741
mean,2018-01-02 20:00:00,10383
mean,2018-01-02 21:00:00,10437
mean,2018-01-02 22:00:00,10418
mean,2018-01-02 23:00:00,9850
mean,2018-01-03 00:00:00,9131
mean,2018-01-03 01:00:00,9354
mean,2018-01-03 02:00:00,9541
mean,2018-01-03 03:00:00,10724
mean,2018-01-03 04:00:00,9768
mean,2018-01-03 05:00:00,9615
mean,2018-01-03 06:00:00,8175
mean,2018-01-03 07:00:00,5717
mean,2018-01-03 08:00:00,3360
mean,2018-01-03 09:00:00,1780
mean,2018-01-03 10:00:00,1032
mean,2018-01-03 11:00:00,849
mean,2018-01-03 12:00:00,790
mean,2018-01-03 13:00:00,1218
mean,2018-01-03 14:00:00,2182
mean,2018-01-03 15:00:00,3477
mean,2018-01-03 16:00:00,7027
mean,2018-01-03 17:00:00,8174
mean,2018-01-03 18:00:00,9378
mean,2018-01-03 19:00:00,9684
mean,2018-01-03 20:00:00,9847
mean,2018-01-03 21:00:00,9711
mean,2018-01-03 22:00:00,9726
mean,2018-01-03 23:00:00,8920
variance,2017-12-06 00:00:00,62916
variance,2017-12-06 01:00:00,64412
variance,2017-12-06 02:00:00,65588
variance,2017-12-06 03:00:00,69855
variance,2017-12-06 04:00:00,75638
variance,2017-12-06 05:00:00,78844
variance,2017-12-06 06:00:00,78368
variance,2017-12-06 07:00:00,67940
variance,2017-12-06 08:00:00,49692
variance,2017-12-06 09:00:00,29070
variance,2017-12-06 10:00:00,15965
variance,2017-12-06 11:00:00,9674
variance,2017-12-06 12:00:00,6558
variance,2017-12-06 13:00:00,5994
variance,2017-12-06 14:00:00,8190
variance,2017-12-06 15:00:00,15082
variance,2017-12-06 16:00:00,26752
variance,2017-12-06 17:00:00,37048
variance,2017-12-06 18:00:00,43444
variance,2017-12-06 19:00:00,47758
variance,2017-12-06 20:00:00,52903
variance,2017-12-06 21:00:00,56057
variance,2017-12-06 22:00:00,58787
variance,2017-12-06 23:00:00,63903
variance,2017-12-07 00:00:00,66326
variance,2017-12-07 01:00:00,67055
variance,2017-12-07 02:00:00,67607
variance,2017-12-07 03:00:00,73086
variance,2017-12-07 04:00:00,78293
variance,2017-12-07 05:00:00,79561
variance,2017-12-07 06:00:00,79039
variance,2017-12-07 07:00:00,69227
variance,2017-12-07 08:00:00,48760
variance,2017-12-07 09:00:00,29591
variance,2017-12-07 10:00:00,15752
variance,2017-12-07 11:00:00,8213
variance,2017-12-07 12:00:00,5482
variance,2017-12-07 13:00:00,4969
variance,2017-12-07 14:00:00,6634
variance,2017-12-07 15:00:00,13169
variance,2017-12-07 16:00:00,23783
variance,2017-12-07 17:00:00,32361
variance,2017-12-07 18:00:00,38078
variance,2017-12-07 19:00:00,42627
variance,2017-12-07 20:00:00,48858
variance,2017-12-07 21:00:00,48819
variance,2017-12-07 22:00:00,51961
variance,2017-12-07 23:00:00,52701
variance,2017-12-08 00:00:00,52192
variance,2017-12-08 01:00:00,54493
variance,2017-12-08 02:00:00,59324
variance,2017-12-08 03:00:00,58711
variance,2017-12-08 04:00:00,61606
variance,2017-12-08 05:00:00,67717
variance,2017-12-08 06:00:00,64552
variance,2017-12-08 07:00:00,53267
variance,2017-12-08 08:00:00,38903
variance,2017-12-08 09:00:00,25454
variance,2017-12-08 10:00:00,16521
variance,2017-12-08 11:00:00,10188
variance,2017-12-08 12:00:00,6510
variance,2017-12-08 13:00:00,5555
variance,2017-12-08 14:00:00,6761
variance,2017-12-08 15:00:00,14534
variance,2017-12-08 16:00:00,25341
variance,2017-12-08 17:00:00,34288
variance,2017-12-08 18:00:00,46185
variance,2017-12-08 19:00:00,47158
variance,2017-12-08 20:00:00,50248
variance,2017-12-08 21:00:00,56851
variance,2017-12-08 22:00:00,56590
variance,2017-12-08 23:00:00,56417
variance,2017-12-09 00:00:00,57507
variance,2017-12-09 01:00:00,53883
variance,2017-12-09 02:00:00,54310
variance,2017-12-09 03:00:00,57309
variance,2017-12-09 04:00:00,60245
variance,2017-12-09 05:00:00,65834
variance,2017-12-09 06:00:00,64365
variance,2017-12-09 07:00:00,57633
variance,2017-12-09 08:00:00,46622
variance,2017-12-09 09:00:00,28524
variance,2017-12-09 10:00:00,17757
variance,2017-12-09 11:00:00,10987
variance,2017-12-09 12:00:00,8111
variance,2017-12-09 13:00:00,5871
variance,2017-12-09 14:00:00,6476
variance,2017-12-09 15:00:00,10786
variance,2017-12-09 16:00:00,21242
variance,2017-12-09 17:00:00,37457
variance,2017-12-09 18:00:00,49463
variance,2017-12-09 19:00:00,56886
variance,2017-12-09 20:00:00,58691
variance,2017-12-09 21:00:00,62717
variance,2017-12-09 22:00:00,61101
variance,2017-12-09 23:00:00,58580
variance,2017-12-10 00:00:00,59061
variance,2017-12-10 01:00:00,60196
variance,2017-12-10 02:00:00,52304
variance,2017-12-10 03:00:00,52280
variance,2017-12-10 04:00:00,54473
variance,2017-12-10 05:00:00,53898
variance,2017-12-10 06:00:00,54853
variance,2017-12-10 07:00:00,182739
variance,2017-12-10 08:00:00,181152
variance,2017-12-10 09:00:00,123999
variance,2017-12-10 10:00:00,84188
variance,2017-12-10 11:00:00,65173
variance,2017-12-10 12:00:00,47523
variance,2017-12-10 13:00:00,35433
variance,2017-12-10 14:00:00,34981
variance,2017-12-10 15:00:00,46854
variance,2017-12-10 16:00:00,88685
variance,2017-12-10 17:00:00,150024
variance,2017-12-10 18:00:00,185016
variance,2017-12-10 19:00:00,188569
variance,2017-12-10 20:00:00,179293
variance,2017-12-10 21:00:00,167607
variance,2017-12-10 22:00:00,179485
variance,2017-12-10 23:00:00,168548
variance,2017-12-11 00:00:00,159151
variance,2017-12-11 01:00:00,160535
variance,2017-12-11 02:00:00,169917
variance,2017-12-11 03:00:00,181727
variance,2017-12-11 04:00:00,182240
variance,2017-12-11 05:00:00,181416
variance,2017-12-11 06:00:00,169237
variance,2017-12-11 07:00:00,145036
variance,2017-12-11 08:00:00,133750
variance,2017-12-11 09:00:00,79678
variance,2017-12-11 10:00:00,39368
variance,2017-12-11 11:00:00,32650
variance,2017-12-11 12:00:00,25965
variance,2017-12-11 13:00:00,23753
variance,2017-12-11 14:00:00,30109
variance,2017-12-11 15:00:00,55255
variance,2017-12-11 16:00:00,102244
variance,2017-12-11 17:00:00,149973
variance,2017-12-11 18:00:00,177486
variance,2017-12-11 19:00:00,171736
variance,2017-12-11 20:00:00,140098
variance,2017-12-11 21:00:00,130035
variance,2017-12-11 22:00:00,138640
variance,2017-12-11 23:00:00,145959
variance,2017-12-12 00:00:00,138689
variance,2017-12-12 01:00:00,136999
variance,2017-12-12 02:00:00,145646
variance,2017-12-12 03:00:00,132699
variance,2017-12-12 04:00:00,134723
variance,2017-12-12 05:00:00,155078
variance,2017-12-12 06:00:00,147835
variance,2017-12-12 07:00:00,134731
variance,2017-12-12 08:00:00,108142
variance,2017-12-12 09:00:00,71201
variance,2017-12-12 10:00:00,39367
variance,2017-12-12 11:00:00,27911
variance,2017-12-12 12:00:00,18781
variance,2017-12-12 13:00:00,16535
variance,2017-12-12 14:00:00,22215
variance,2017-12-12 15:00:00,41228
variance,2017-12-12 16:00:00,74802
variance,2017-12-12 17:00:00,98593
variance,2017-12-12 18:00:00,146977
variance,2017-12-12 19:00:00,142406
variance,2017-12-12 20:00:00,135245
variance,2017-12-12 21:00:00,134391
variance,2017-12-12 22:00:00,147895
variance,2017-12-12 23:00:00,146195
point,2018-01-29 00:00:00,17028
point,2018-01-29 01:00:00,11307
point,2018-01-29 02:00:00,9087
point,2018-01-29 03:00:00,10244
point,2018-01-29 04:00:00,11253
point,2018-01-29 05:00:00,15624
point,2018-01-29 06:00:00,21507
point,2018-01-29 07:00:00,45401
point,2018-01-29 08:00:00,59617
point,2018-01-29 09:00:00,66985
point,2018-01-29 10:00:00,70235
point,2018-01-29 11:00:00,70389
point,2018-01-29 12:00:00,62571
point,2018-01-29 13:00:00,70290
point,2018-01-29 14:00:00,73065
point,2018-01-29 15:00:00,72723
point,2018-01-29 16:00:00,73564
point,2018-01-29 17:00:00,74340
point,2018-01-29 18:00:00,77111
point,2018-01-29 19:00:00,78105
point,2018-01-29 20:00:00,73620
point,2018-01-29 21:00:00,63609
point,2018-01-29 22:00:00,45499
point,2018-01-29 23:00:00,27405
point,2018-01-30 00:00:00,15433
point,2018-01-30 01:00:00,10763
point,2018-01-30 02:00:00,8642
point,2018-01-30 03:00:00,9895
point,2018-01-30 04:00:00,11055
point,2018-01-30 05:00:00,16084
point,2018-01-30 06:00:00,21693
point,2018-01-30 07:00:00,45714
point,2018-01-30 08:00:00,59545
point,2018-01-30 09:00:00,65755
point,2018-01-30 10:00:00,68265
point,2018-01-30 11:00:00,68264
point,2018-01-30 12:00:00,68541
point,2018-01-30 13:00:00,68931
point,2018-01-30 14:00:00,72504
point,2018-01-30 15:00:00,77259
point,2018-01-30 16:00:00,72505
point,2018-01-30 17:00:00,74359
point,2018-01-30 18:00:00,77209
point,2018-01-30 19:00:00,78233
point,2018-01-30 20:00:00,74853
point,2018-01-30 21:00:00,63986
point,2018-01-30 22:00:00,48503
point,2018-01-30 23:00:00,30232
point,2018-01-31 00:00:00,27138
point,2018-01-31 01:00:00,20692
point,2018-01-31 02:00:00,15153
point,2018-01-31 03:00:00,14582
point,2018-01-31 04:00:00,16308
point,2018-01-31 05:00:00,21963
point,2018-01-31 06:00:00,31322
point,2018-01-31 07:00:00,45088
point,2018-01-31 08:00:00,52929
point,2018-01-31 09:00:00,56777
point,2018-01-31 10:00:00,60921
point,2018-01-31 11:00:00,61964
point,2018-01-31 12:00:00,61265
point,2018-01-31 13:00:00,63993
point,2018-01-31 14:00:00,66224
point,2018-01-31 15:00:00,66921
point,2018-01-31 16:00:00,68456
point,2018-01-31 17:00:00,71965
point,2018-01-31 18:00:00,77618
point,2018-01-31 19:00:00,75113
point,2018-01-31 20:00:00,70819
point,2018-01-31 21:00:00,60761
point,2018-01-31 22:00:00,43524
point,2018-01-31 23:00:00,25919
point,2018-02-01 00:00:00,15432
point,2018-02-01 01:00:00,10361
point,2018-02-01 02:00:00,8507
point,2018-02-01 03:00:00,9447
point,2018-02-01 04:00:00,11001
point,2018-02-01 05:00:00,15020
point,2018-02-01 06:00:00,20731
point,2018-02-01 07:00:00,39255
point,2018-02-01 08:00:00,53100
point,2018-02-01 09:00:00,60754
point,2018-02-01 10:00:00,66146
point,2018-02-01 11:00:00,67434
point,2018-02-01 12:00:00,97546
point,2018-02-01 13:00:00,187651
point,2018-02-01 14:00:00,101181
point,2018-02-01 15:00:00,70341
point,2018-02-01 16:00:00,70006
point,2018-02-01 17:00:00,70841
point,2018-02-01 18:00:00,74273
point,2018-02-01 19:00:00,75214
point,2018-02-01 20:00:00,71968
point,2018-02-01 21:00:00,62778
point,2018-02-01 22:00:00,45808
point,2018-02-01 23:00:00,26786
point,2018-02-02 00:00:00,14955
point,2018-02-02 01:00:00,9682
point,2018-02-02 02:00:00,8099
point,2018-02-02 03:00:00,9080
point,2018-02-02 04:00:00,10873
point,2018-02-02 05:00:00,15173
point,2018-02-02 06:00:00,20908
point,2018-02-02 07:00:00,40331
point,2018-02-02 08:00:00,55277
point,2018-02-02 09:00:00,63592
point,2018-02-02 10:00:00,66955
point,2018-02-02 11:00:00,69072
point,2018-02-02 12:00:00,68550
point,2018-02-02 13:00:00,69218
point,2018-02-02 14:00:00,70970
point,2018-02-02 15:00:00,71980
point,2018-02-02 16:00:00,75285
point,2018-02-02 17:00:00,77212
point,2018-02-02 18:00:00,80540
point,2018-02-02 19:00:00,80664
point,2018-02-02 20:00:00,74922
point,2018-02-02 21:00:00,66997
point,2018-02-02 22:00:00,53466
point,2018-02-02 23:00:00,33119
point,2018-02-03 00:00:00,18976
point,2018-02-03 01:00:00,11794
point,2018-02-03 02:00:00,9840
point,2018-02-03 03:00:00,10531
point,2018-02-03 04:00:00,13324
point,2018-02-03 05:00:00,17712
point,2018-02-03 06:00:00,24053
point,2018-02-03 07:00:00,42733
point,2018-02-03 08:00:00,66942
point,2018-02-03 09:00:00,86703
point,2018-02-03 10:00:00,94247
point,2018-02-03 11:00:00,93160
point,2018-02-03 12:00:00,92699
point,2018-02-03 13:00:00,88854
point,2018-02-03 14:00:00,84219
point,2018-02-03 15:00:00,80154
point,2018-02-03 16:00:00,77367
point,2018-02-03 17:00:00,75499
point,2018-02-03 18:00:00,76331
point,2018-02-03 19:00:00,73364
point,2018-02-03 20:00:00,68928
point,2018-02-03 21:00:00,62475
point,2018-02-03 22:00:00,50028
point,2018-02-03 23:00:00,34047
point,2018-02-04 00:00:00,20314
point,2018-02-04 01:00:00,12945
point,2018-02-04 02:00:00,10863
point,2018-02-04 03:00:00,11156
point,2018-02-04 04:00:00,12809
point,2018-02-04 05:00:00,16603
point,2018-02-04 06:00:00,22788
point,2018-02-04 07:00:00,39418
point,2018-02-04 08:00:00,61975
point,2018-02-04 09:00:00,84592
point,2018-02-04 10:00:00,96265
point,2018-02-04 11:00:00,100148
point,2018-02-04 12:00:00,95691
point,2018-02-04 13:00:00,91979
point,2018-02-04 14:00:00,87652
point,2018-02-04 15:00:00,82331
point,2018-02-04 16:00:00,78383
point,2018-02-04 17:00:00,79078
point,2018-02-04 18:00:00,74830
point,2018-02-04 19:00:00,73165
point,2018-02-04 20:00:00,70073
point,2018-02-04 21:00:00,60048
point,2018-02-04 22:00:00,44761
point,2018-02-04 23:00:00,27057
trend,2017-12-04 00:00:00,6536
trend,2017-12-04 01:00:00,11556
trend,2017-12-04 02:00:00,16111
trend,2017-12-04 03:00:00,19613
trend,2017-12-04 04:00:00,22023
trend,2017-12-04 05:00:00,24621
trend,2017-12-04 06:00:00,28142
trend,2017-12-04 07:00:00,30166
trend,2017-12-04 08:00:00,29406
trend,2017-12-04 09:00:00,29073
trend,2017-12-04 10:00:00,26813
trend,2017-12-04 11:00:00,27801
trend,2017-12-04 12:00:00,27507
trend,2017-12-04 13:00:00,29726
trend,2017-12-04 14:00:00,32222
trend,2017-12-04 15:00:00,35596
trend,2017-12-04 16:00:00,35096
trend,2017-12-04 17:00:00,29776
trend,2017-12-04 18:00:00,22747
trend,2017-12-04 19:00:00,15679
trend,2017-12-04 20:00:00,11365
trend,2017-12-04 21:00:00,7969
trend,2017-12-04 22:00:00,5358
trend,2017-12-04 23:00:00,4367
trend,2017-12-05 00:00:00,6189
trend,2017-12-05 01:00:00,12389
trend,2017-12-05 02:00:00,16441
trend,2017-12-05 03:00:00,19815
trend,2017-12-05 04:00:00,22054
trend,2017-12-05 05:00:00,24734
trend,2017-12-05 06:00:00,26355
trend,2017-12-05 07:00:00,30488
trend,2017-12-05 08:00:00,29727
trend,2017-12-05 09:00:00,28598
trend,2017-12-05 10:00:00,26785
trend,2017-12-05 11:00:00,27024
trend,2017-12-05 12:00:00,27180
trend,2017-12-05 13:00:00,29280
trend,2017-12-05 14:00:00,32404
trend,2017-12-05 15:00:00,35593
trend,2017-12-05 16:00:00,39465
trend,2017-12-05 17:00:00,37074
trend,2017-12-05 18:00:00,28416
trend,2017-12-05 19:00:00,20048
trend,2017-12-05 20:00:00,13720
trend,2017-12-05 21:00:00,9387
trend,2017-12-05 22:00:00,6327
trend,2017-12-05 23:00:00,4829
trend,2017-12-06 00:00:00,6503
trend,2017-12-06 01:00:00,13146
trend,2017-12-06 02:00:00,17698
trend,2017-12-06 03:00:00,20890
trend,2017-12-06 04:00:00,24785
trend,2017-12-06 05:00:00,26977
trend,2017-12-06 06:00:00,30585
trend,2017-12-06 07:00:00,34644
trend,2017-12-06 08:00:00,37652
trend,2017-12-06 09:00:00,35517
trend,2017-12-06 10:00:00,34951
trend,2017-12-06 11:00:00,36434
trend,2017-12-06 12:00:00,40988
trend,2017-12-06 13:00:00,43066
trend,2017-12-06 14:00:00,42473
trend,2017-12-06 15:00:00,47768
trend,2017-12-06 16:00:00,43797
trend,2017-12-06 17:00:00,39205
trend,2017-12-06 18:00:00,30158
trend,2017-12-06 19:00:00,23035
trend,2017-12-06 20:00:00,15218
trend,2017-12-06 21:00:00,10921
trend,2017-12-06 22:00:00,7656
trend,2017-12-06 23:00:00,6752
trend,2017-12-07 00:00:00,7945
trend,2017-12-07 01:00:00,16126
trend,2017-12-07 02:00:00,20754
trend,2017-12-07 03:00:00,23434
trend,2017-12-07 04:00:00,25371
trend,2017-12-07 05:00:00,31421
trend,2017-12-07 06:00:00,34291
trend,2017-12-07 07:00:00,36736
trend,2017-12-07 08:00:00,38239
trend,2017-12-07 09:00:00,34597
trend,2017-12-07 10:00:00,33998
trend,2017-12-07 11:00:00,33911
trend,2017-12-07 12:00:00,31863
trend,2017-12-07 13:00:00,34758
trend,2017-12-07 14:00:00,39507
trend,2017-12-07 15:00:00,42696
trend,2017-12-07 16:00:00,41276
trend,2017-12-07 17:00:00,36650
trend,2017-12-07 18:00:00,27510
trend,2017-12-07 19:00:00,19190
trend,2017-12-07 20:00:00,13885
trend,2017-12-07 21:00:00,10126
trend,2017-12-07 22:00:00,6971
trend,2017-12-07 23:00:00,6079
trend,2017-12-08 00:00:00,7971
trend,2017-12-08 01:00:00,15051
trend,2017-12-08 02:00:00,20004
trend,2017-12-08 03:00:00,24980
trend,2017-12-08 04:00:00,28575
trend,2017-12-08 05:00:00,31761
trend,2017-12-08 06:00:00,35971
trend,2017-12-08 07:00:00,38859
trend,2017-12-08 08:00:00,39208
trend,2017-12-08 09:00:00,38361
trend,2017-12-08 10:00:00,35756
trend,2017-12-08 11:00:00,35439
trend,2017-12-08 12:00:00,36195
trend,2017-12-08 13:00:00,39864
trend,2017-12-08 14:00:00,42569
trend,2017-12-08 15:00:00,47529
trend,2017-12-08 16:00:00,48184
trend,2017-12-08 17:00:00,43124
trend,2017-12-08 18:00:00,32032
trend,2017-12-08 19:00:00,22835
trend,2017-12-08 20:00:00,15814
trend,2017-12-08 21:00:00,11260
trend,2017-12-08 22:00:00,8621
trend,2017-12-08 23:00:00,6817
trend,2017-12-09 00:00:00,9071
trend,2017-12-09 01:00:00,17348
trend,2017-12-09 02:00:00,24302
trend,2017-12-09 03:00:00,29360
trend,2017-12-09 04:00:00,33647
trend,2017-12-09 05:00:00,37553
trend,2017-12-09 06:00:00,42362
trend,2017-12-09 07:00:00,44646
trend,2017-12-09 08:00:00,43251
trend,2017-12-09 09:00:00,40523
trend,2017-12-09 10:00:00,37901
trend,2017-12-09 11:00:00,37016
trend,2017-12-09 12:00:00,35834
trend,2017-12-09 13:00:00,39080
trend,2017-12-09 14:00:00,46960
trend,2017-12-09 15:00:00,47569
trend,2017-12-09 16:00:00,47044
trend,2017-12-09 17:00:00,44132
trend,2017-12-09 18:00:00,34510
trend,2017-12-09 19:00:00,25894
trend,2017-12-09 20:00:00,18717
trend,2017-12-09 21:00:00,12325
trend,2017-12-09 22:00:00,8648
trend,2017-12-09 23:00:00,7105
trend,2017-12-10 00:00:00,8698
trend,2017-12-10 01:00:00,16266
trend,2017-12-10 02:00:00,26049
trend,2017-12-10 03:00:00,33011
trend,2017-12-10 04:00:00,38140
trend,2017-12-10 05:00:00,41852
trend,2017-12-10 06:00:00,41279
trend,2017-12-10 07:00:00,44473
trend,2017-12-10 08:00:00,45927
trend,2017-12-10 09:00:00,39766
trend,2017-12-10 10:00:00,35860
trend,2017-12-10 11:00:00,37199
trend,2017-12-10 12:00:00,36728
trend,2017-12-10 13:00:00,38130
trend,2017-12-10 14:00:00,41384
trend,2017-12-10 15:00:00,47671
trend,2017-12-10 16:00:00,49740
trend,2017-12-10 17:00:00,43461
trend,2017-12-10 18:00:00,30412
trend,2017-12-10 19:00:00,21691
trend,2017-12-10 20:00:00,14650
trend,2017-12-10 21:00:00,9888
trend,2017-12-10 22:00:00,7243
trend,2017-12-10 23:00:00,6204
trend,2017-12-11 00:00:00,8228
trend,2017-12-11 01:00:00,15645
trend,2017-12-11 02:00:00,21879
trend,2017-12-11 03:00:00,27313
trend,2017-12-11 04:00:00,31279
trend,2017-12-11 05:00:00,35408
trend,2017-12-11 06:00:00,39487
trend,2017-12-11 07:00:00,45641
trend,2017-12-11 08:00:00,49069
trend,2017-12-11 09:00:00,46522
trend,2017-12-11 10:00:00,44637
trend,2017-12-11 11:00:00,45710
trend,2017-12-11 12:00:00,45188
trend,2017-12-11 13:00:00,48453
trend,2017-12-11 14:00:00,50990
trend,2017-12-11 15:00:00,52337
trend,2017-12-11 16:00:00,55317
trend,2017-12-11 17:00:00,50633
trend,2017-12-11 18:00:00,37700
trend,2017-12-11 19:00:00,24108
trend,2017-12-11 20:00:00,16233
trend,2017-12-11 21:00:00,11950
trend,2017-12-11 22:00:00,8129
trend,2017-12-11 23:00:00,6985
trend,2017-12-12 00:00:00,9716
trend,2017-12-12 01:00:00,19388
trend,2017-12-12 02:00:00,27022
trend,2017-12-12 03:00:00,31535
trend,2017-12-12 04:00:00,36724
trend,2017-12-12 05:00:00,40243
trend,2017-12-12 06:00:00,44816
trend,2017-12-12 07:00:00,48024
trend,2017-12-12 08:00:00,50101
trend,2017-12-12 09:00:00,47876
trend,2017-12-12 10:00:00,47667
trend,2017-12-12 11:00:00,46374
trend,2017-12-12 12:00:00,46967
trend,2017-12-12 13:00:00,50472
trend,2017-12-12 14:00:00,55109
trend,2017-12-12 15:00:00,59791
trend,2017-12-12 16:00:00,59192
trend,2017-12-12 17:00:00,44201
trend,2017-12-12 18:00:00,42624
trend,2017-12-12 19:00:00,25709
trend,2017-12-12 20:00:00,17312
trend,2017-12-12 21:00:00,12145
trend,2017-12-12 22:00:00,8453
trend,2017-12-12 23:00:00,7425
trend,2017-12-13 00:00:00,10564
trend,2017-12-13 01:00:00,20650
trend,2017-12-13 02:00:00,28998
trend,2017-12-13 03:00:00,34737
trend,2017-12-13 04:00:00,39402
trend,2017-12-13 05:00:00,42510
trend,2017-12-13 06:00:00,46445
trend,2017-12-13 07:00:00,50207
trend,2017-12-13 08:00:00,51416
trend,2017-12-13 09:00:00,51895
trend,2017-12-13 10:00:00,48452
trend,2017-12-13 11:00:00,43702
trend,2017-12-13 12:00:00,43756
trend,2017-12-13 13:00:00,46430
trend,2017-12-13 14:00:00,52447
trend,2017-12-13 15:00:00,57838
trend,2017-12-13 16:00:00,53924
trend,2017-12-13 17:00:00,44448
trend,2017-12-13 18:00:00,32905
trend,2017-12-13 19:00:00,23541
trend,2017-12-13 20:00:00,16301
trend,2017-12-13 21:00:00,11382
trend,2017-12-13 22:00:00,8473
trend,2017-12-13 23:00:00,6724
trend,2017-12-14 00:00:00,9823
trend,2017-12-14 01:00:00,19362
trend,2017-12-14 02:00:00,27124
trend,2017-12-14 03:00:00,31945
trend,2017-12-14 04:00:00,35553
trend,2017-12-14 05:00:00,37721
trend,2017-12-14 06:00:00,41803
trend,2017-12-14 07:00:00,44970
trend,2017-12-14 08:00:00,45472
trend,2017-12-14 09:00:00,43762
trend,2017-12-14 10:00:00,42657
trend,2017-12-14 11:00:00,41911
trend,2017-12-14 12:00:00,40602
trend,2017-12-14 13:00:00,43838
trend,2017-12-14 14:00:00,50496
trend,2017-12-14 15:00:00,56607
trend,2017-12-14 16:00:00,53365
trend,2017-12-14 17:00:00,49013
trend,2017-12-14 18:00:00,37162
trend,2017-12-14 19:00:00,26125
trend,2017-12-14 20:00:00,16684
trend,2017-12-14 21:00:00,11632
trend,2017-12-14 22:00:00,7974
trend,2017-12-14 23:00:00,6550
trend,2017-12-15 00:00:00,9544
trend,2017-12-15 01:00:00,18976
trend,2017-12-15 02:00:00,26247
trend,2017-12-15 03:00:00,32647
trend,2017-12-15 04:00:00,36061
trend,2017-12-15 05:00:00,40738
trend,2017-12-15 06:00:00,44944
trend,2017-12-15 07:00:00,47012
trend,2017-12-15 08:00:00,45624
trend,2017-12-15 09:00:00,49430
trend,2017-12-15 10:00:00,49009
trend,2017-12-15 11:00:00,46454
trend,2017-12-15 12:00:00,45559
trend,2017-12-15 13:00:00,49335
trend,2017-12-15 14:00:00,53610
trend,2017-12-15 15:00:00,60523
trend,2017-12-15 16:00:00,56159
trend,2017-12-15 17:00:00,45824
trend,2017-12-15 18:00:00,34734
trend,2017-12-15 19:00:00,24653
trend,2017-12-15 20:00:00,19419
trend,2017-12-15 21:00:00,12639
trend,2017-12-15 22:00:00,8249
trend,2017-12-15 23:00:00,6311
trend,2017-12-16 00:00:00,9210
trend,2017-12-16 01:00:00,18755
trend,2017-12-16 02:00:00,27363
trend,2017-12-16 03:00:00,32867
trend,2017-12-16 04:00:00,36199
trend,2017-12-16 05:00:00,38694
trend,2017-12-16 06:00:00,43726
trend,2017-12-16 07:00:00,44268
trend,2017-12-16 08:00:00,44877
trend,2017-12-16 09:00:00,42312
trend,2017-12-16 10:00:00,39974
trend,2017-12-16 11:00:00,39648
trend,2017-12-16 12:00:00,42008
trend,2017-12-16 13:00:00,45337
trend,2017-12-16 14:00:00,52456
trend,2017-12-16 15:00:00,55606
trend,2017-12-16 16:00:00,54476
trend,2017-12-16 17:00:00,48494
trend,2017-12-16 18:00:00,37487
trend,2017-12-16 19:00:00,27998
trend,2017-12-16 20:00:00,19616
trend,2017-12-16 21:00:00,13175
trend,2017-12-16 22:00:00,9137
trend,2017-12-16 23:00:00,7298
trend,2017-12-17 00:00:00,9752
trend,2017-12-17 01:00:00,19309
trend,2017-12-17 02:00:00,29203
trend,2017-12-17 03:00:00,35462
trend,2017-12-17 04:00:00,39824
trend,2017-12-17 05:00:00,43684
trend,2017-12-17 06:00:00,43569
trend,2017-12-17 07:00:00,44848
trend,2017-12-17 08:00:00,43946
trend,2017-12-17 09:00:00,42344
trend,2017-12-17 10:00:00,41437
trend,2017-12-17 11:00:00,41253
trend,2017-12-17 12:00:00,43087
trend,2017-12-17 13:00:00,45716
trend,2017-12-17 14:00:00,47788
trend,2017-12-17 15:00:00,50801
trend,2017-12-17 16:00:00,50799
trend,2017-12-17 17:00:00,43452
trend,2017-12-17 18:00:00,33727
trend,2017-12-17 19:00:00,24802
trend,2017-12-17 20:00:00,16247
trend,2017-12-17 21:00:00,11087
trend,2017-12-17 22:00:00,7235
trend,2017-12-17 23:00:00,6431
trend,2017-12-18 00:00:00,9005
trend,2017-12-18 01:00:00,17850
trend,2017-12-18 02:00:00,27451
trend,2017-12-18 03:00:00,34460
trend,2017-12-18 04:00:00,40002
trend,2017-12-18 05:00:00,41498
trend,2017-12-18 06:00:00,45425
trend,2017-12-18 07:00:00,46507
trend,2017-12-18 08:00:00,45878
trend,2017-12-18 09:00:00,43575
trend,2017-12-18 10:00:00,40375
trend,2017-12-18 11:00:00,40303
trend,2017-12-18 12:00:00,41856
trend,2017-12-18 13:00:00,43213
trend,2017-12-18 14:00:00,46138
trend,2017-12-18 15:00:00,58389
trend,2017-12-18 16:00:00,49801
trend,2017-12-18 17:00:00,44242
trend,2017-12-18 18:00:00,33590
trend,2017-12-18 19:00:00,22631
trend,2017-12-18 20:00:00,15664
trend,2017-12-18 21:00:00,10878
trend,2017-12-18 22:00:00,7006
trend,2017-12-18 23:00:00,6182
trend,2017-12-19 00:00:00,8214
trend,2017-12-19 01:00:00,16601
trend,2017-12-19 02:00:00,24841
trend,2017-12-19 03:00:00,32076
trend,2017-12-19 04:00:00,36564
trend,2017-12-19 05:00:00,41608
trend,2017-12-19 06:00:00,43235
trend,2017-12-19 07:00:00,42427
trend,2017-12-19 08:00:00,43013
trend,2017-12-19 09:00:00,40066
trend,2017-12-19 10:00:00,39101
trend,2017-12-19 11:00:00,40185
trend,2017-12-19 12:00:00,39779
trend,2017-12-19 13:00:00,42169
trend,2017-12-19 14:00:00,45481
trend,2017-12-19 15:00:00,49415
trend,2017-12-19 16:00:00,47327
trend,2017-12-19 17:00:00,42745
trend,2017-12-19 18:00:00,32775
trend,2017-12-19 19:00:00,21537
trend,2017-12-19 20:00:00,15159
trend,2017-12-19 21:00:00,11463
trend,2017-12-19 22:00:00,7806
trend,2017-12-19 23:00:00,5945
trend,2017-12-20 00:00:00,8617
trend,2017-12-20 01:00:00,16863
trend,2017-12-20 02:00:00,25226
trend,2017-12-20 03:00:00,32165
trend,2017-12-20 04:00:00,37829
trend,2017-12-20 05:00:00,41254
trend,2017-12-20 06:00:00,42964
trend,2017-12-20 07:00:00,45446
trend,2017-12-20 08:00:00,43713
trend,2017-12-20 09:00:00,40909
trend,2017-12-20 10:00:00,40060
trend,2017-12-20 11:00:00,39474
trend,2017-12-20 12:00:00,39544
trend,2017-12-20 13:00:00,39916
trend,2017-12-20 14:00:00,42674
trend,2017-12-20 15:00:00,44652
trend,2017-12-20 16:00:00,44828
trend,2017-12-20 17:00:00,39613
trend,2017-12-20 18:00:00,30054
trend,2017-12-20 19:00:00,19694
trend,2017-12-20 20:00:00,14169
trend,2017-12-20 21:00:00,10345
trend,2017-12-20 22:00:00,6873
trend,2017-12-20 23:00:00,5788
trend,2017-12-21 00:00:00,7601
trend,2017-12-21 01:00:00,14410
trend,2017-12-21 02:00:00,23503
trend,2017-12-21 03:00:00,29300
trend,2017-12-21 04:00:00,35896
trend,2017-12-21 05:00:00,38360
trend,2017-12-21 06:00:00,39341
trend,2017-12-21 07:00:00,40354
trend,2017-12-21 08:00:00,40566
trend,2017-12-21 09:00:00,38834
trend,2017-12-21 10:00:00,36034
trend,2017-12-21 11:00:00,37544
trend,2017-12-21 12:00:00,36331
trend,2017-12-21 13:00:00,36832
trend,2017-12-21 14:00:00,39430
trend,2017-12-21 15:00:00,44493
trend,2017-12-21 16:00:00,44410
trend,2017-12-21 17:00:00,38445
trend,2017-12-21 18:00:00,30619
trend,2017-12-21 19:00:00,21017
trend,2017-12-21 20:00:00,14927
trend,2017-12-21 21:00:00,10310
trend,2017-12-21 22:00:00,6975
trend,2017-12-21 23:00:00,6143
trend,2017-12-22 00:00:00,7579
trend,2017-12-22 01:00:00,14666
trend,2017-12-22 02:00:00,23623
trend,2017-12-22 03:00:00,30360
trend,2017-12-22 04:00:00,35455
trend,2017-12-22 05:00:00,36981
trend,2017-12-22 06:00:00,40257
trend,2017-12-22 07:00:00,40199
trend,2017-12-22 08:00:00,40791
trend,2017-12-22 09:00:00,40630
trend,2017-12-22 10:00:00,37153
trend,2017-12-22 11:00:00,36216
trend,2017-12-22 12:00:00,36892
trend,2017-12-22 13:00:00,38682
trend,2017-12-22 14:00:00,41145
trend,2017-12-22 15:00:00,44101
trend,2017-12-22 16:00:00,45412
trend,2017-12-22 17:00:00,39395
trend,2017-12-22 18:00:00,30084
trend,2017-12-22 19:00:00,21251
trend,2017-12-22 20:00:00,14528
trend,2017-12-22 21:00:00,10404
trend,2017-12-22 22:00:00,7166
trend,2017-12-22 23:00:00,5834
trend,2017-12-23 00:00:00,6907
trend,2017-12-23 01:00:00,13274
trend,2017-12-23 02:00:00,21483
trend,2017-12-23 03:00:00,27381
trend,2017-12-23 04:00:00,31058
trend,2017-12-23 05:00:00,33559
trend,2017-12-23 06:00:00,34465
trend,2017-12-23 07:00:00,35157
trend,2017-12-23 08:00:00,35001
trend,2017-12-23 09:00:00,34369
trend,2017-12-23 10:00:00,31925
trend,2017-12-23 11:00:00,32742
trend,2017-12-23 12:00:00,30131
trend,2017-12-23 13:00:00,31441
trend,2017-12-23 14:00:00,35307
trend,2017-12-23 15:00:00,39910
trend,2017-12-23 16:00:00,39079
trend,2017-12-23 17:00:00,36523
trend,2017-12-23 18:00:00,30420
trend,2017-12-23 19:00:00,21943
trend,2017-12-23 20:00:00,15777
trend,2017-12-23 21:00:00,11319
trend,2017-12-23 22:00:00,7294
trend,2017-12-23 23:00:00,5978
normal,2018-06-04 00:00:00,41273
normal,2018-06-04 01:00:00,30908
normal,2018-06-04 02:00:00,24221
normal,2018-06-04 03:00:00,20249
normal,2018-06-04 04:00:00,15765
normal,2018-06-04 05:00:00,15495
normal,2018-06-04 06:00:00,19152
normal,2018-06-04 07:00:00,45639
normal,2018-06-04 08:00:00,73315
normal,2018-06-04 09:00:00,67604
normal,2018-06-04 10:00:00,73022
normal,2018-06-04 11:00:00,83789
normal,2018-06-04 12:00:00,87741
normal,2018-06-04 13:00:00,89334
normal,2018-06-04 14:00:00,90567
normal,2018-06-04 15:00:00,99023
normal,2018-06-04 16:00:00,107924
normal,2018-06-04 17:00:00,110732
normal,2018-06-04 18:00:00,111457
normal,2018-06-04 19:00:00,114578
normal,2018-06-04 20:00:00,115629
normal,2018-06-04 21:00:00,115315
normal,2018-06-04 22:00:00,106778
normal,2018-06-04 23:00:00,91653
normal,2018-06-05 00:00:00,71162
normal,2018-06-05 01:00:00,54028
normal,2018-06-05 02:00:00,38362
normal,2018-06-05 03:00:00,28863
normal,2018-06-05 04:00:00,23178
normal,2018-06-05 05:00:00,22160
normal,2018-06-05 06:00:00,25414
normal,2018-06-05 07:00:00,36108
normal,2018-06-05 08:00:00,47276
normal,2018-06-05 09:00:00,53661
normal,2018-06-05 10:00:00,62863
normal,2018-06-05 11:00:00,76507
normal,2018-06-05 12:00:00,81213
normal,2018-06-05 13:00:00,86197
normal,2018-06-05 14:00:00,81595
normal,2018-06-05 15:00:00,86257
normal,2018-06-05 16:00:00,95151
normal,2018-06-05 17:00:00,98322
normal,2018-06-05 18:00:00,99956
normal,2018-06-05 19:00:00,102937
normal,2018-06-05 20:00:00,102465
normal,2018-06-05 21:00:00,102037
normal,2018-06-05 22:00:00,92415
normal,2018-06-05 23:00:00,80662
normal,2018-06-06 00:00:00,65071
normal,2018-06-06 01:00:00,48992
normal,2018-06-06 02:00:00,34846
normal,2018-06-06 03:00:00,27010
normal,2018-06-06 04:00:00,21480
normal,2018-06-06 05:00:00,19646
normal,2018-06-06 06:00:00,22934
normal,2018-06-06 07:00:00,33146
normal,2018-06-06 08:00:00,41489
normal,2018-06-06 09:00:00,50242
normal,2018-06-06 10:00:00,57982
normal,2018-06-06 11:00:00,64942
normal,2018-06-06 12:00:00,70315
normal,2018-06-06 13:00:00,73456
normal,2018-06-06 14:00:00,75976
normal,2018-06-06 15:00:00,84837
normal,2018-06-06 16:00:00,90882
normal,2018-06-06 17:00:00,95484
normal,2018-06-06 18:00:00,96147
normal,2018-06-06 19:00:00,95311
normal,2018-06-06 20:00:00,98355
normal,2018-06-06 21:00:00,96181
normal,2018-06-06 22:00:00,89751
normal,2018-06-06 23:00:00,75389
normal,2018-06-07 00:00:00,61302
normal,2018-06-07 01:00:00,45750
normal,2018-06-07 02:00:00,32494
normal,2018-06-07 03:00:00,24870
normal,2018-06-07 04:00:00,20871
normal,2018-06-07 05:00:00,18657
normal,2018-06-07 06:00:00,22171
normal,2018-06-07 07:00:00,32035
normal,2018-06-07 08:00:00,40444
normal,2018-06-07 09:00:00,50503
normal,2018-06-07 10:00:00,59069
normal,2018-06-07 11:00:00,62856
normal,2018-06-07 12:00:00,65019
normal,2018-06-07 13:00:00,69500
normal,2018-06-07 14:00:00,72889
normal,2018-06-07 15:00:00,76915
normal,2018-06-07 16:00:00,82527
normal,2018-06-07 17:00:00,86249
normal,2018-06-07 18:00:00,84026
normal,2018-06-07 19:00:00,86715
normal,2018-06-07 20:00:00,89328
normal,2018-06-07 21:00:00,87195
normal,2018-06-07 22:00:00,80187
normal,2018-06-07 23:00:00,71522
normal,2018-06-08 00:00:00,59957
normal,2018-06-08 01:00:00,46048
normal,2018-06-08 02:00:00,32724
normal,2018-06-08 03:00:00,24942
normal,2018-06-08 04:00:00,20512
normal,2018-06-08 05:00:00,18532
normal,2018-06-08 06:00:00,22590
normal,2018-06-08 07:00:00,31250
normal,2018-06-08 08:00:00,39868
normal,2018-06-08 09:00:00,47305
normal,2018-06-08 10:00:00,58626
normal,2018-06-08 11:00:00,65423
normal,2018-06-08 12:00:00,70094
normal,2018-06-08 13:00:00,70649
normal,2018-06-08 14:00:00,69831
normal,2018-06-08 15:00:00,75498
normal,2018-06-08 16:00:00,75062
normal,2018-06-08 17:00:00,75211
normal,2018-06-08 18:00:00,75903
normal,2018-06-08 19:00:00,78049
normal,2018-06-08 20:00:00,79178
normal,2018-06-08 21:00:00,80499
normal,2018-06-08 22:00:00,76985
normal,2018-06-08 23:00:00,71156
normal,2018-06-09 00:00:00,63806
normal,2018-06-09 01:00:00,51675
normal,2018-06-09 02:00:00,38181
normal,2018-06-09 03:00:00,28784
normal,2018-06-09 04:00:00,22452
normal,2018-06-09 05:00:00,19143
normal,2018-06-09 06:00:00,20114
normal,2018-06-09 07:00:00,28252
normal,2018-06-09 08:00:00,38584
normal,2018-06-09 09:00:00,52713
normal,2018-06-09 10:00:00,63601
normal,2018-06-09 11:00:00,69051
normal,2018-06-09 12:00:00,74455
normal,2018-06-09 13:00:00,76680
normal,2018-06-09 14:00:00,78485
normal,2018-06-09 15:00:00,79226
normal,2018-06-09 16:00:00,78881
normal,2018-06-09 17:00:00,75548
normal,2018-06-09 18:00:00,74358
normal,2018-06-09 19:00:00,73682
normal,2018-06-09 20:00:00,76249
normal,2018-06-09 21:00:00,76424
normal,2018-06-09 22:00:00,74639
normal,2018-06-09 23:00:00,68540
normal,2018-06-10 00:00:00,61317
normal,2018-06-10 01:00:00,51132
normal,2018-06-10 02:00:00,38568
normal,2018-06-10 03:00:00,24857
normal,2018-06-10 04:00:00,25298
normal,2018-06-10 05:00:00,19642
normal,2018-06-10 06:00:00,18809
normal,2018-06-10 07:00:00,24317
normal,2018-06-10 08:00:00,35493
normal,2018-06-10 09:00:00,46710
normal,2018-06-10 10:00:00,55825
normal,2018-06-10 11:00:00,62814
normal,2018-06-10 12:00:00,67465
normal,2018-06-10 13:00:00,70201
normal,2018-06-10 14:00:00,73785
normal,2018-06-10 15:00:00,64545
normal,2018-06-10 16:00:00,56478
normal,2018-06-10 17:00:00,56121
normal,2018-06-10 18:00:00,57494
normal,2018-06-10 19:00:00,54896
normal,2018-06-10 20:00:00,53335
normal,2018-06-10 21:00:00,55635
normal,2018-06-10 22:00:00,51638
normal,2018-06-10 23:00:00,42481
normal,2018-06-11 00:00:00,33445
normal,2018-06-11 01:00:00,27024
normal,2018-06-11 02:00:00,17070
normal,2018-06-11 03:00:00,14109
normal,2018-06-11 04:00:00,14961
normal,2018-06-11 05:00:00,12684
normal,2018-06-11 06:00:00,15801
normal,2018-06-11 07:00:00,25242
normal,2018-06-11 08:00:00,31719
normal,2018-06-11 09:00:00,40210
normal,2018-06-11 10:00:00,51835
normal,2018-06-11 11:00:00,57782
normal,2018-06-11 12:00:00,70545
normal,2018-06-11 13:00:00,73275
normal,2018-06-11 14:00:00,76745
normal,2018-06-11 15:00:00,79637
normal,2018-06-11 16:00:00,84263
normal,2018-06-11 17:00:00,84694
normal,2018-06-11 18:00:00,87398
normal,2018-06-11 19:00:00,89262
normal,2018-06-11 20:00:00,91663
normal,2018-06-11 21:00:00,92014
normal,2018-06-11 22:00:00,84667
normal,2018-06-11 23:00:00,72619
normal,2018-06-12 00:00:00,45100
normal,2018-06-12 01:00:00,42644
normal,2018-06-12 02:00:00,28705
normal,2018-06-12 03:00:00,18452
normal,2018-06-12 04:00:00,14071
normal,2018-06-12 05:00:00,18132
normal,2018-06-12 06:00:00,21790
normal,2018-06-12 07:00:00,28555
normal,2018-06-12 08:00:00,36456
normal,2018-06-12 09:00:00,46325
normal,2018-06-12 10:00:00,58833
normal,2018-06-12 11:00:00,62958
normal,2018-06-12 12:00:00,66408
normal,2018-06-12 13:00:00,69798
normal,2018-06-12 14:00:00,72397
normal,2018-06-12 15:00:00,78157
normal,2018-06-12 16:00:00,81876
normal,2018-06-12 17:00:00,84490
normal,2018-06-12 18:00:00,86424
normal,2018-06-12 19:00:00,87791
normal,2018-06-12 20:00:00,88739
normal,2018-06-12 21:00:00,89687
normal,2018-06-12 22:00:00,84029
normal,2018-06-12 23:00:00,76529
normal,2018-06-13 00:00:00,62972
normal,2018-06-13 01:00:00,49767
normal,2018-06-13 02:00:00,37440
normal,2018-06-13 03:00:00,27949
normal,2018-06-13 04:00:00,22209
normal,2018-06-13 05:00:00,20854
normal,2018-06-13 06:00:00,22574
normal,2018-06-13 07:00:00,29729
normal,2018-06-13 08:00:00,37928
normal,2018-06-13 09:00:00,47007
normal,2018-06-13 10:00:00,55551
normal,2018-06-13 11:00:00,59349
normal,2018-06-13 12:00:00,61875
normal,2018-06-13 13:00:00,67458
normal,2018-06-13 14:00:00,69127
normal,2018-06-13 15:00:00,72721
normal,2018-06-13 16:00:00,80151
normal,2018-06-13 17:00:00,82468
normal,2018-06-13 18:00:00,82875
normal,2018-06-13 19:00:00,83120
normal,2018-06-13 20:00:00,84019
normal,2018-06-13 21:00:00,81163
normal,2018-06-13 22:00:00,76760
normal,2018-06-13 23:00:00,70235
normal,2018-06-14 00:00:00,60407
normal,2018-06-14 01:00:00,48907
normal,2018-06-14 02:00:00,37118
normal,2018-06-14 03:00:00,29374
normal,2018-06-14 04:00:00,23393
normal,2018-06-14 05:00:00,21481
normal,2018-06-14 06:00:00,24541
normal,2018-06-14 07:00:00,32000
normal,2018-06-14 08:00:00,41943
normal,2018-06-14 09:00:00,56049
normal,2018-06-14 10:00:00,66421
normal,2018-06-14 11:00:00,74666
normal,2018-06-14 12:00:00,76633
normal,2018-06-14 13:00:00,82397
normal,2018-06-14 14:00:00,82702
normal,2018-06-14 15:00:00,88583
normal,2018-06-14 16:00:00,89999
normal,2018-06-14 17:00:00,92737
normal,2018-06-14 18:00:00,94703
normal,2018-06-14 19:00:00,100453
normal,2018-06-14 20:00:00,102067
normal,2018-06-14 21:00:00,99806
normal,2018-06-14 22:00:00,96496
normal,2018-06-14 23:00:00,86336
normal,2018-06-15 00:00:00,72933
normal,2018-06-15 01:00:00,60430
normal,2018-06-15 02:00:00,45267
normal,2018-06-15 03:00:00,34711
normal,2018-06-15 04:00:00,27514
normal,2018-06-15 05:00:00,24953
normal,2018-06-15 06:00:00,28854
normal,2018-06-15 07:00:00,38493
normal,2018-06-15 08:00:00,48677
normal,2018-06-15 09:00:00,59690
normal,2018-06-15 10:00:00,73164
normal,2018-06-15 11:00:00,78263
normal,2018-06-15 12:00:00,86325
normal,2018-06-15 13:00:00,89205
normal,2018-06-15 14:00:00,89262
normal,2018-06-15 15:00:00,95287
normal,2018-06-15 16:00:00,95702
normal,2018-06-15 17:00:00,107371
normal,2018-06-15 18:00:00,110534
normal,2018-06-15 19:00:00,113585
normal,2018-06-15 20:00:00,116218
normal,2018-06-15 21:00:00,115954
normal,2018-06-15 22:00:00,113438
normal,2018-06-15 23:00:00,104130
normal,2018-06-16 00:00:00,94317
normal,2018-06-16 01:00:00,77315
normal,2018-06-16 02:00:00,58686
normal,2018-06-16 03:00:00,44197
normal,2018-06-16 04:00:00,34646
normal,2018-06-16 05:00:00,30249
normal,2018-06-16 06:00:00,33047
normal,2018-06-16 07:00:00,42326
normal,2018-06-16 08:00:00,56497
normal,2018-06-16 09:00:00,75896
normal,2018-06-16 10:00:00,90796
normal,2018-06-16 11:00:00,98196
normal,2018-06-16 12:00:00,101363
normal,2018-06-16 13:00:00,103261
normal,2018-06-16 14:00:00,106332
normal,2018-06-16 15:00:00,111385
normal,2018-06-16 16:00:00,111928
normal,2018-06-16 17:00:00,119073
normal,2018-06-16 18:00:00,123925
normal,2018-06-16 19:00:00,125358
normal,2018-06-16 20:00:00,132833
normal,2018-06-16 21:00:00,132629
normal,2018-06-16 22:00:00,132628
normal,2018-06-16 23:00:00,124522
normal,2018-06-17 00:00:00,115100
normal,2018-06-17 01:00:00,95441
normal,2018-06-17 02:00:00,71138
normal,2018-06-17 03:00:00,53328
normal,2018-06-17 04:00:00,40956
normal,2018-06-17 05:00:00,32854
normal,2018-06-17 06:00:00,33913
normal,2018-06-17 07:00:00,44088
normal,2018-06-17 08:00:00,64748
normal,2018-06-17 09:00:00,86611
normal,2018-06-17 10:00:00,107899
normal,2018-06-17 11:00:00,119647
normal,2018-06-17 12:00:00,128657
normal,2018-06-17 13:00:00,131177
normal,2018-06-17 14:00:00,133146
normal,2018-06-17 15:00:00,131620
normal,2018-06-17 16:00:00,132306
normal,2018-06-17 17:00:00,136351
normal,2018-06-17 18:00:00,135579
normal,2018-06-17 19:00:00,141383
normal,2018-06-17 20:00:00,145189
normal,2018-06-17 21:00:00,141399
normal,2018-06-17 22:00:00,137984
normal,2018-06-17 23:00:00,122140
normal,2018-06-18 00:00:00,110583
normal,2018-06-18 01:00:00,82430
normal,2018-06-18 02:00:00,58914
normal,2018-06-18 03:00:00,41819
normal,2018-06-18 04:00:00,33285
normal,2018-06-18 05:00:00,35425
normal,2018-06-18 06:00:00,41636
normal,2018-06-18 07:00:00,54625
normal,2018-06-18 08:00:00,65960
normal,2018-06-18 09:00:00,83729
normal,2018-06-18 10:00:00,95996
normal,2018-06-18 11:00:00,104288
normal,2018-06-18 12:00:00,114947
normal,2018-06-18 13:00:00,121450
normal,2018-06-18 14:00:00,124094
normal,2018-06-18 15:00:00,129187
normal,2018-06-18 16:00:00,130733
normal,2018-06-18 17:00:00,135366
normal,2018-06-18 18:00:00,135277
normal,2018-06-18 19:00:00,138139
normal,2018-06-18 20:00:00,140185
normal,2018-06-18 21:00:00,140772
normal,2018-06-18 22:00:00,136064
normal,2018-06-18 23:00:00,122110
normal,2018-06-19 00:00:00,104397
normal,2018-06-19 01:00:00,82721
normal,2018-06-19 02:00:00,61909
normal,2018-06-19 03:00:00,46669
normal,2018-06-19 04:00:00,37337
normal,2018-06-19 05:00:00,34997
normal,2018-06-19 06:00:00,41719
normal,2018-06-19 07:00:00,55316
normal,2018-06-19 08:00:00,68530
normal,2018-06-19 09:00:00,87320
normal,2018-06-19 10:00:00,96677
normal,2018-06-19 11:00:00,106649
normal,2018-06-19 12:00:00,115655
normal,2018-06-19 13:00:00,120097
normal,2018-06-19 14:00:00,124552
normal,2018-06-19 15:00:00,128867
normal,2018-06-19 16:00:00,131580
normal,2018-06-19 17:00:00,134948
normal,2018-06-19 18:00:00,140120
normal,2018-06-19 19:00:00,144813
normal,2018-06-19 20:00:00,150232
normal,2018-06-19 21:00:00,150806
normal,2018-06-19 22:00:00,142522
normal,2018-06-19 23:00:00,129664
normal,2018-06-20 00:00:00,109467
normal,2018-06-20 01:00:00,85873
normal,2018-06-20 02:00:00,61803
normal,2018-06-20 03:00:00,44335
normal,2018-06-20 04:00:00,35901
normal,2018-06-20 05:00:00,34291
normal,2018-06-20 06:00:00,42170
normal,2018-06-20 07:00:00,55931
normal,2018-06-20 08:00:00,71423
normal,2018-06-20 09:00:00,83261
normal,2018-06-20 10:00:00,92589
normal,2018-06-20 11:00:00,106076
normal,2018-06-20 12:00:00,116994
normal,2018-06-20 13:00:00,125369
normal,2018-06-20 14:00:00,128246
normal,2018-06-20 15:00:00,132404
normal,2018-06-20 16:00:00,134319
normal,2018-06-20 17:00:00,136369
normal,2018-06-20 18:00:00,138822
normal,2018-06-20 19:00:00,142049
normal,2018-06-20 20:00:00,148698
normal,2018-06-20 21:00:00,144394
normal,2018-06-20 22:00:00,136049
normal,2018-06-20 23:00:00,120770
normal,2018-06-21 00:00:00,106411
normal,2018-06-21 01:00:00,84172
normal,2018-06-21 02:00:00,63055
normal,2018-06-21 03:00:00,46970
normal,2018-06-21 04:00:00,35587
normal,2018-06-21 05:00:00,34692
normal,2018-06-21 06:00:00,39915
normal,2018-06-21 07:00:00,55008
normal,2018-06-21 08:00:00,69049
normal,2018-06-21 09:00:00,84268
normal,2018-06-21 10:00:00,96239
normal,2018-06-21 11:00:00,106424
normal,2018-06-21 12:00:00,118469
normal,2018-06-21 13:00:00,119072
normal,2018-06-21 14:00:00,124194
normal,2018-06-21 15:00:00,127511
normal,2018-06-21 16:00:00,134256
normal,2018-06-21 17:00:00,137249
normal,2018-06-21 18:00:00,139387
normal,2018-06-21 19:00:00,142048
normal,2018-06-21 20:00:00,147366
normal,2018-06-21 21:00:00,146379
normal,2018-06-21 22:00:00,142047
normal,2018-06-21 23:00:00,128318
normal,2018-06-22 00:00:00,110546
normal,2018-06-22 01:00:00,86657
normal,2018-06-22 02:00:00,63166
normal,2018-06-22 03:00:00,47925
normal,2018-06-22 04:00:00,37033
normal,2018-06-22 05:00:00,34173
normal,2018-06-22 06:00:00,40273
normal,2018-06-22 07:00:00,54924
normal,2018-06-22 08:00:00,71557
normal,2018-06-22 09:00:00,87392
normal,2018-06-22 10:00:00,96288
normal,2018-06-22 11:00:00,107259
normal,2018-06-22 12:00:00,115476
normal,2018-06-22 13:00:00,122475
normal,2018-06-22 14:00:00,124389
normal,2018-06-22 15:00:00,128272
normal,2018-06-22 16:00:00,138006
normal,2018-06-22 17:00:00,140102
normal,2018-06-22 18:00:00,137608
normal,2018-06-22 19:00:00,141146
normal,2018-06-22 20:00:00,144851
normal,2018-06-22 21:00:00,146432
normal,2018-06-22 22:00:00,144226
normal,2018-06-22 23:00:00,132182
normal,2018-06-23 00:00:00,117136
normal,2018-06-23 01:00:00,91552
normal,2018-06-23 02:00:00,71124
normal,2018-06-23 03:00:00,52387
normal,2018-06-23 04:00:00,41244
normal,2018-06-23 05:00:00,35170
normal,2018-06-23 06:00:00,38121
normal,2018-06-23 07:00:00,49906
normal,2018-06-23 08:00:00,66762
normal,2018-06-23 09:00:00,90967
normal,2018-06-23 10:00:00,105057
normal,2018-06-23 11:00:00,118146
normal,2018-06-23 12:00:00,125854
normal,2018-06-23 13:00:00,128789
normal,2018-06-23 14:00:00,131526
normal,2018-06-23 15:00:00,131594
normal,2018-06-23 16:00:00,132003
normal,2018-06-23 17:00:00,132977
normal,2018-06-23 18:00:00,135012
normal,2018-06-23 19:00:00,133274
normal,2018-06-23 20:00:00,135756
normal,2018-06-23 21:00:00,138630
normal,2018-06-23 22:00:00,138618
normal,2018-06-23 23:00:00,130844
normal,2018-06-24 00:00:00,118218
normal,2018-06-24 01:00:00,96600
normal,2018-06-24 02:00:00,72890
normal,2018-06-24 03:00:00,56293
normal,2018-06-24 04:00:00,41809
normal,2018-06-24 05:00:00,34411
normal,2018-06-24 06:00:00,33674
normal,2018-06-24 07:00:00,42571
normal,2018-06-24 08:00:00,59630
normal,2018-06-24 09:00:00,83548
normal,2018-06-24 10:00:00,102932
normal,2018-06-24 11:00:00,118178
normal,2018-06-24 12:00:00,126596
normal,2018-06-24 13:00:00,132743
normal,2018-06-24 14:00:00,136361
normal,2018-06-24 15:00:00,138723
normal,2018-06-24 16:00:00,140562
normal,2018-06-24 17:00:00,140459
normal,2018-06-24 18:00:00,138421
normal,2018-06-24 19:00:00,140490
normal,2018-06-24 20:00:00,144763
normal,2018-06-24 21:00:00,145164
normal,2018-06-24 22:00:00,144436
normal,2018-06-24 23:00:00,130634
normal,2018-06-25 00:00:00,113618
normal,2018-06-25 01:00:00,89736
normal,2018-06-25 02:00:00,66548
normal,2018-06-25 03:00:00,49460
normal,2018-06-25 04:00:00,38584
normal,2018-06-25 05:00:00,34987
normal,2018-06-25 06:00:00,42681
normal,2018-06-25 07:00:00,54725
normal,2018-06-25 08:00:00,70269
normal,2018-06-25 09:00:00,88963
normal,2018-06-25 10:00:00,102132
normal,2018-06-25 11:00:00,109143
normal,2018-06-25 12:00:00,119960
normal,2018-06-25 13:00:00,126419
normal,2018-06-25 14:00:00,131201
normal,2018-06-25 15:00:00,132264
normal,2018-06-25 16:00:00,136065
normal,2018-06-25 17:00:00,143881
normal,2018-06-25 18:00:00,143351
normal,2018-06-25 19:00:00,144701
normal,2018-06-25 20:00:00,148466
normal,2018-06-25 21:00:00,153020
normal,2018-06-25 22:00:00,146615
normal,2018-06-25 23:00:00,132499
normal,2018-06-26 00:00:00,111986
normal,2018-06-26 01:00:00,86338
normal,2018-06-26 02:00:00,64380
normal,2018-06-26 03:00:00,49634
normal,2018-06-26 04:00:00,39313
normal,2018-06-26 05:00:00,36335
normal,2018-06-26 06:00:00,43572
normal,2018-06-26 07:00:00,56205
normal,2018-06-26 08:00:00,70514
normal,2018-06-26 09:00:00,85974
normal,2018-06-26 10:00:00,99602
normal,2018-06-26 11:00:00,112364
normal,2018-06-26 12:00:00,126299
normal,2018-06-26 13:00:00,134133
normal,2018-06-26 14:00:00,138657
normal,2018-06-26 15:00:00,139739
normal,2018-06-26 16:00:00,140388
normal,2018-06-26 17:00:00,144215
normal,2018-06-26 18:00:00,146119
normal,2018-06-26 19:00:00,152592
normal,2018-06-26 20:00:00,155707
normal,2018-06-26 21:00:00,156915
normal,2018-06-26 22:00:00,147424
normal,2018-06-26 23:00:00,131982
normal,2018-06-27 00:00:00,115336
normal,2018-06-27 01:00:00,90528
normal,2018-06-27 02:00:00,66168
normal,2018-06-27 03:00:00,49516
normal,2018-06-27 04:00:00,38376
normal,2018-06-27 05:00:00,35275
normal,2018-06-27 06:00:00,41897
normal,2018-06-27 07:00:00,54864
normal,2018-06-27 08:00:00,68716
normal,2018-06-27 09:00:00,84399
normal,2018-06-27 10:00:00,102961
normal,2018-06-27 11:00:00,117287
normal,2018-06-27 12:00:00,128138
normal,2018-06-27 13:00:00,137900
normal,2018-06-27 14:00:00,140126
normal,2018-06-27 15:00:00,143806
normal,2018-06-27 16:00:00,143594
normal,2018-06-27 17:00:00,152204
normal,2018-06-27 18:00:00,156417
normal,2018-06-27 19:00:00,156018
normal,2018-06-27 20:00:00,162219
normal,2018-06-27 21:00:00,161898
normal,2018-06-27 22:00:00,154028
normal,2018-06-27 23:00:00,138262
normal,2018-06-28 00:00:00,118649
normal,2018-06-28 01:00:00,92425
normal,2018-06-28 02:00:00,68933
normal,2018-06-28 03:00:00,51488
normal,2018-06-28 04:00:00,41015
normal,2018-06-28 05:00:00,36931
normal,2018-06-28 06:00:00,42886
normal,2018-06-28 07:00:00,56038
normal,2018-06-28 08:00:00,73667
normal,2018-06-28 09:00:00,91564
normal,2018-06-28 10:00:00,106833
normal,2018-06-28 11:00:00,114723
normal,2018-06-28 12:00:00,122482
normal,2018-06-28 13:00:00,127535
normal,2018-06-28 14:00:00,134219
normal,2018-06-28 15:00:00,136871
normal,2018-06-28 16:00:00,140353
normal,2018-06-28 17:00:00,144464
normal,2018-06-28 18:00:00,147124
normal,2018-06-28 19:00:00,148950
normal,2018-06-28 20:00:00,150084
normal,2018-06-28 21:00:00,152540
normal,2018-06-28 22:00:00,153678
normal,2018-06-28 23:00:00,137711
normal,2018-06-29 00:00:00,117896
normal,2018-06-29 01:00:00,93566
normal,2018-06-29 02:00:00,67560
normal,2018-06-29 03:00:00,49102
normal,2018-06-29 04:00:00,40682
normal,2018-06-29 05:00:00,37322
normal,2018-06-29 06:00:00,44830
normal,2018-06-29 07:00:00,56890
normal,2018-06-29 08:00:00,72061
normal,2018-06-29 09:00:00,88409
normal,2018-06-29 10:00:00,104132
normal,2018-06-29 11:00:00,117038
normal,2018-06-29 12:00:00,120472
normal,2018-06-29 13:00:00,122966
normal,2018-06-29 14:00:00,138487
normal,2018-06-29 15:00:00,135325
normal,2018-06-29 16:00:00,138421
normal,2018-06-29 17:00:00,143633
normal,2018-06-29 18:00:00,141373
normal,2018-06-29 19:00:00,145792
normal,2018-06-29 20:00:00,146730
normal,2018-06-29 21:00:00,151943
normal,2018-06-29 22:00:00,148997
normal,2018-06-29 23:00:00,138581
normal,2018-06-30 00:00:00,123689
normal,2018-06-30 01:00:00,99482
normal,2018-06-30 02:00:00,74395
normal,2018-06-30 03:00:00,55824
normal,2018-06-30 04:00:00,43630
normal,2018-06-30 05:00:00,37975
normal,2018-06-30 06:00:00,39646
normal,2018-06-30 07:00:00,50070
normal,2018-06-30 08:00:00,66662
normal,2018-06-30 09:00:00,87112
normal,2018-06-30 10:00:00,103771
normal,2018-06-30 11:00:00,117478
normal,2018-06-30 12:00:00,126611
normal,2018-06-30 13:00:00,132701
normal,2018-06-30 14:00:00,134026
normal,2018-06-30 15:00:00,133826
normal,2018-06-30 16:00:00,136899
normal,2018-06-30 17:00:00,137683
normal,2018-06-30 18:00:00,136864
normal,2018-06-30 19:00:00,134352
normal,2018-06-30 20:00:00,135539
normal,2018-06-30 21:00:00,137915
normal,2018-06-30 22:00:00,140108
normal,2018-06-30 23:00:00,131233
normal,2018-07-01 00:00:00,120274
normal,2018-07-01 01:00:00,97898
normal,2018-07-01 02:00:00,74769
normal,2018-07-01 03:00:00,55862
normal,2018-07-01 04:00:00,42797
normal,2018-07-01 05:00:00,35378
normal,2018-07-01 06:00:00,32344
normal,2018-07-01 07:00:00,39490
normal,2018-07-01 08:00:00,54698
normal,2018-07-01 09:00:00,75921
normal,2018-07-01 10:00:00,92725
normal,2018-07-01 11:00:00,108526
normal,2018-07-01 12:00:00,114625
normal,2018-07-01 13:00:00,123284
normal,2018-07-01 14:00:00,129507
normal,2018-07-01 15:00:00,133187
normal,2018-07-01 16:00:00,131530
normal,2018-07-01 17:00:00,137331
normal,2018-07-01 18:00:00,137825
normal,2018-07-01 19:00:00,137024
normal,2018-07-01 20:00:00,143730
normal,2018-07-01 21:00:00,145756
normal,2018-07-01 22:00:00,146554
normal,2018-07-01 23:00:00,135283
normal,2018-07-02 00:00:00,116344
normal,2018-07-02 01:00:00,91160
normal,2018-07-02 02:00:00,65865
normal,2018-07-02 03:00:00,47306
normal,2018-07-02 04:00:00,36212
normal,2018-07-02 05:00:00,33538
normal,2018-07-02 06:00:00,39481
normal,2018-07-02 07:00:00,50852
normal,2018-07-02 08:00:00,64129
normal,2018-07-02 09:00:00,79792
normal,2018-07-02 10:00:00,95669
normal,2018-07-02 11:00:00,107120
normal,2018-07-02 12:00:00,112800
normal,2018-07-02 13:00:00,118440
normal,2018-07-02 14:00:00,120301
normal,2018-07-02 15:00:00,123495
normal,2018-07-02 16:00:00,128220
normal,2018-07-02 17:00:00,133864
normal,2018-07-02 18:00:00,136447
normal,2018-07-02 19:00:00,137947
normal,2018-07-02 20:00:00,143459
normal,2018-07-02 21:00:00,144492
normal,2018-07-02 22:00:00,136751
normal,2018-07-02 23:00:00,121661
normal,2018-07-03 00:00:00,104267
normal,2018-07-03 01:00:00,84662
normal,2018-07-03 02:00:00,61634
normal,2018-07-03 03:00:00,45636
normal,2018-07-03 04:00:00,36435
normal,2018-07-03 05:00:00,33208
normal,2018-07-03 06:00:00,37287
normal,2018-07-03 07:00:00,50476
normal,2018-07-03 08:00:00,64134
normal,2018-07-03 09:00:00,79421
normal,2018-07-03 10:00:00,89653
normal,2018-07-03 11:00:00,100487
normal,2018-07-03 12:00:00,115322
normal,2018-07-03 13:00:00,122520
normal,2018-07-03 14:00:00,125596
normal,2018-07-03 15:00:00,126032
normal,2018-07-03 16:00:00,128447
normal,2018-07-03 17:00:00,133944
normal,2018-07-03 18:00:00,133987
normal,2018-07-03 19:00:00,135848
normal,2018-07-03 20:00:00,136138
normal,2018-07-03 21:00:00,136819
normal,2018-07-03 22:00:00,135294
normal,2018-07-03 23:00:00,127095
normal,2018-07-04 00:00:00,111779
normal,2018-07-04 01:00:00,87984
normal,2018-07-04 02:00:00,64526
normal,2018-07-04 03:00:00,49955
normal,2018-07-04 04:00:00,37882
normal,2018-07-04 05:00:00,32508
normal,2018-07-04 06:00:00,34834
normal,2018-07-04 07:00:00,42633
normal,2018-07-04 08:00:00,58572
normal,2018-07-04 09:00:00,77326
normal,2018-07-04 10:00:00,94513
normal,2018-07-04 11:00:00,107410
normal,2018-07-04 12:00:00,113071
normal,2018-07-04 13:00:00,115408
normal,2018-07-04 14:00:00,119365
normal,2018-07-04 15:00:00,129364
normal,2018-07-04 16:00:00,129597
normal,2018-07-04 17:00:00,129821
normal,2018-07-04 18:00:00,129757
normal,2018-07-04 19:00:00,129191
normal,2018-07-04 20:00:00,128939
normal,2018-07-04 21:00:00,127900
normal,2018-07-04 22:00:00,125844
normal,2018-07-04 23:00:00,122452
normal,2018-07-05 00:00:00,109355
normal,2018-07-05 01:00:00,88956
normal,2018-07-05 02:00:00,67459
normal,2018-07-05 03:00:00,49203
normal,2018-07-05 04:00:00,37416
normal,2018-07-05 05:00:00,33415
normal,2018-07-05 06:00:00,38917
normal,2018-07-05 07:00:00,48496
normal,2018-07-05 08:00:00,61788
normal,2018-07-05 09:00:00,76341
normal,2018-07-05 10:00:00,90512
normal,2018-07-05 11:00:00,102696
normal,2018-07-05 12:00:00,112148
normal,2018-07-05 13:00:00,126754
normal,2018-07-05 14:00:00,130370
normal,2018-07-05 15:00:00,131458
normal,2018-07-05 16:00:00,124443
normal,2018-07-05 17:00:00,127451
normal,2018-07-05 18:00:00,142377
normal,2018-07-05 19:00:00,145547
normal,2018-07-05 20:00:00,149192
normal,2018-07-05 21:00:00,150995
normal,2018-07-05 22:00:00,146860
normal,2018-07-05 23:00:00,132418
normal,2018-07-06 00:00:00,114909
normal,2018-07-06 01:00:00,91112
normal,2018-07-06 02:00:00,67420
normal,2018-07-06 03:00:00,50565
normal,2018-07-06 04:00:00,39935
normal,2018-07-06 05:00:00,36115
normal,2018-07-06 06:00:00,40602
normal,2018-07-06 07:00:00,52642
normal,2018-07-06 08:00:00,64779
normal,2018-07-06 09:00:00,75703
normal,2018-07-06 10:00:00,85224
normal,2018-07-06 11:00:00,92819
normal,2018-07-06 12:00:00,98886
normal,2018-07-06 13:00:00,103275
normal,2018-07-06 14:00:00,105811
normal,2018-07-06 15:00:00,106805
normal,2018-07-06 16:00:00,106657
normal,2018-07-06 17:00:00,110733
normal,2018-07-06 18:00:00,109639
normal,2018-07-06 19:00:00,106939
normal,2018-07-06 20:00:00,110039
normal,2018-07-06 21:00:00,111171
normal,2018-07-06 22:00:00,109705
normal,2018-07-06 23:00:00,102296
normal,2018-07-07 00:00:00,94687
normal,2018-07-07 01:00:00,76388
normal,2018-07-07 02:00:00,57342
normal,2018-07-07 03:00:00,42626
normal,2018-07-07 04:00:00,33605
normal,2018-07-07 05:00:00,29252
normal,2018-07-07 06:00:00,31079
normal,2018-07-07 07:00:00,39143
normal,2018-07-07 08:00:00,51341
normal,2018-07-07 09:00:00,67436
normal,2018-07-07 10:00:00,78547
normal,2018-07-07 11:00:00,87130
normal,2018-07-07 12:00:00,95496
normal,2018-07-07 13:00:00,98196
normal,2018-07-07 14:00:00,99028
normal,2018-07-07 15:00:00,101958
normal,2018-07-07 16:00:00,101701
normal,2018-07-07 17:00:00,101396
normal,2018-07-07 18:00:00,99961
normal,2018-07-07 19:00:00,99989
normal,2018-07-07 20:00:00,100410
normal,2018-07-07 21:00:00,104050
normal,2018-07-07 22:00:00,101117
normal,2018-07-07 23:00:00,97678
normal,2018-07-08 00:00:00,91099
normal,2018-07-08 01:00:00,76508
normal,2018-07-08 02:00:00,59826
normal,2018-07-08 03:00:00,45691
normal,2018-07-08 04:00:00,34545
normal,2018-07-08 05:00:00,28874
normal,2018-07-08 06:00:00,27717
normal,2018-07-08 07:00:00,33922
normal,2018-07-08 08:00:00,45571
normal,2018-07-08 09:00:00,61898
normal,2018-07-08 10:00:00,76183
normal,2018-07-08 11:00:00,87017
normal,2018-07-08 12:00:00,96843
normal,2018-07-08 13:00:00,103881
normal,2018-07-08 14:00:00,104737
normal,2018-07-08 15:00:00,106317
normal,2018-07-08 16:00:00,106803
normal,2018-07-08 17:00:00,106123
normal,2018-07-08 18:00:00,103181
normal,2018-07-08 19:00:00,101548
normal,2018-07-08 20:00:00,107210
normal,2018-07-08 21:00:00,108226
normal,2018-07-08 22:00:00,106183
normal,2018-07-08 23:00:00,96898
normal,2018-07-09 00:00:00,87286
normal,2018-07-09 01:00:00,69905
normal,2018-07-09 02:00:00,53492
normal,2018-07-09 03:00:00,40848
normal,2018-07-09 04:00:00,32550
normal,2018-07-09 05:00:00,30130
normal,2018-07-09 06:00:00,35131
normal,2018-07-09 07:00:00,44234
normal,2018-07-09 08:00:00,54770
normal,2018-07-09 09:00:00,66081
normal,2018-07-09 10:00:00,76436
normal,2018-07-09 11:00:00,82487
normal,2018-07-09 12:00:00,93295
normal,2018-07-09 13:00:00,96912
normal,2018-07-09 14:00:00,98972
normal,2018-07-09 15:00:00,101970
normal,2018-07-09 16:00:00,104510
normal,2018-07-09 17:00:00,107705
normal,2018-07-09 18:00:00,110080
normal,2018-07-09 19:00:00,111358
normal,2018-07-09 20:00:00,112560
normal,2018-07-09 21:00:00,112324
normal,2018-07-09 22:00:00,108340
normal,2018-07-09 23:00:00,97525
normal,2018-07-10 00:00:00,88231
normal,2018-07-10 01:00:00,69946
normal,2018-07-10 02:00:00,51260
normal,2018-07-10 03:00:00,37760
normal,2018-07-10 04:00:00,30642
normal,2018-07-10 05:00:00,29036
normal,2018-07-10 06:00:00,34819
normal,2018-07-10 07:00:00,42677
normal,2018-07-10 08:00:00,51108
normal,2018-07-10 09:00:00,63335
normal,2018-07-10 10:00:00,71640
normal,2018-07-10 11:00:00,81890
normal,2018-07-10 12:00:00,90676
normal,2018-07-10 13:00:00,96637
normal,2018-07-10 14:00:00,101264
normal,2018-07-10 15:00:00,106426
normal,2018-07-10 16:00:00,107873
normal,2018-07-10 17:00:00,109818
normal,2018-07-10 18:00:00,108601
normal,2018-07-10 19:00:00,109911
normal,2018-07-10 20:00:00,109753
normal,2018-07-10 21:00:00,100890
normal,2018-07-10 22:00:00,97586
normal,2018-07-10 23:00:00,91420
normal,2018-07-11 00:00:00,85478
normal,2018-07-11 01:00:00,67208
normal,2018-07-11 02:00:00,49766
normal,2018-07-11 03:00:00,38203
normal,2018-07-11 04:00:00,30815
normal,2018-07-11 05:00:00,28605
normal,2018-07-11 06:00:00,34851
normal,2018-07-11 07:00:00,44409
normal,2018-07-11 08:00:00,53858
normal,2018-07-11 09:00:00,66659
normal,2018-07-11 10:00:00,76871
normal,2018-07-11 11:00:00,85422
normal,2018-07-11 12:00:00,96337
normal,2018-07-11 13:00:00,107258
normal,2018-07-11 14:00:00,103225
normal,2018-07-11 15:00:00,105472
normal,2018-07-11 16:00:00,108453
normal,2018-07-11 17:00:00,112829
normal,2018-07-11 18:00:00,115350
normal,2018-07-11 19:00:00,115425
normal,2018-07-11 20:00:00,118704
normal,2018-07-11 21:00:00,116467
normal,2018-07-11 22:00:00,112641
normal,2018-07-11 23:00:00,100626
normal,2018-07-12 00:00:00,86891
normal,2018-07-12 01:00:00,67955
normal,2018-07-12 02:00:00,51448
normal,2018-07-12 03:00:00,38986
normal,2018-07-12 04:00:00,32167
normal,2018-07-12 05:00:00,30366
normal,2018-07-12 06:00:00,33669
normal,2018-07-12 07:00:00,42733
normal,2018-07-12 08:00:00,55078
normal,2018-07-12 09:00:00,66466
normal,2018-07-12 10:00:00,75711
normal,2018-07-12 11:00:00,85410
normal,2018-07-12 12:00:00,93084
normal,2018-07-12 13:00:00,98186
normal,2018-07-12 14:00:00,100174
normal,2018-07-12 15:00:00,103184
normal,2018-07-12 16:00:00,106610
normal,2018-07-12 17:00:00,110208
normal,2018-07-12 18:00:00,111845
normal,2018-07-12 19:00:00,111486
normal,2018-07-12 20:00:00,115572
normal,2018-07-12 21:00:00,110985
normal,2018-07-12 22:00:00,106398
normal,2018-07-12 23:00:00,98498
normal,2018-07-13 00:00:00,81706
normal,2018-07-13 01:00:00,66789
normal,2018-07-13 02:00:00,49702
normal,2018-07-13 03:00:00,38246
normal,2018-07-13 04:00:00,31916
normal,2018-07-13 05:00:00,30019
normal,2018-07-13 06:00:00,34982
normal,2018-07-13 07:00:00,44915
normal,2018-07-13 08:00:00,56194
normal,2018-07-13 09:00:00,69839
normal,2018-07-13 10:00:00,81102
normal,2018-07-13 11:00:00,89965
normal,2018-07-13 12:00:00,93303
normal,2018-07-13 13:00:00,95036
normal,2018-07-13 14:00:00,94983
normal,2018-07-13 15:00:00,96835
normal,2018-07-13 16:00:00,98669
normal,2018-07-13 17:00:00,100537
normal,2018-07-13 18:00:00,101248
normal,2018-07-13 19:00:00,103367
normal,2018-07-13 20:00:00,104479
normal,2018-07-13 21:00:00,105176
normal,2018-07-13 22:00:00,102495
normal,2018-07-13 23:00:00,92452